"AverageShortestPathLength","BetweennessCentrality","ClosenessCentrality","ClusteringCoefficient","Degree","Eccentricity","ingredient_category","IsSingleNode","name","NeighborhoodConnectivity","NumberOfDirectedEdges","NumberOfUndirectedEdges","PartnerOfMultiEdgedNodePairs","Radiality","selected","SelfLoops","shared name","Stress","TopologicalCoefficient"
"2.53125","0.0","0.3950617283950617","0.0","1","4",,"false","3-(methylthio)propanol","234.0","0","1","0","0.9934561965811965","false","0","3-(methylthio)propanol","0","0.0"
"2.53125","0.0","0.3950617283950617","0.0","1","4",,"false","g-valerolactone","234.0","0","1","0","0.9934561965811965","false","0","g-valerolactone","0","0.0"
"2.925","0.0","0.3418803418803419","0.0","1","4",,"false","n-nonanal","171.0","0","1","0","0.9917735042735042","false","0","n-nonanal","0","0.0"
"2.53125","0.0","0.3950617283950617","0.0","1","4",,"false","3-heptanone","234.0","0","1","0","0.9934561965811965","false","0","3-heptanone","0","0.0"
"2.925","0.0","0.3418803418803419","0.0","1","4",,"false","3-nonanone","171.0","0","1","0","0.9917735042735042","false","0","3-nonanone","0","0.0"
"2.925","0.0","0.3418803418803419","0.0","1","4",,"false","3-hexen-1-ol","171.0","0","1","0","0.9917735042735042","false","0","3-hexen-1-ol","0","0.0"
"1.99375","0.0029192789968652062","0.5015673981191223","0.0","2","2",,"false","guaiacol","202.5","0","2","0","0.9957532051282051","true","0","guaiacol","25628","0.6336477987421384"
"2.925","0.0","0.3418803418803419","0.0","1","4",,"false","n-valeraldehyde","171.0","0","1","0","0.9917735042735042","false","0","n-valeraldehyde","0","0.0"
"2.925","0.0","0.3418803418803419","0.0","1","4",,"false","nerol","171.0","0","1","0","0.9917735042735042","false","0","nerol","0","0.0"
"2.53125","0.0","0.3950617283950617","0.0","1","4",,"false","4,5-dimethyl_thiazole","234.0","0","1","0","0.9934561965811965","false","0","4,5-dimethyl_thiazole","0","0.0"
"1.99375","0.0029192789968652062","0.5015673981191223","0.0","2","2",,"false","nonanoic_acid","202.5","0","2","0","0.9957532051282051","true","0","nonanoic_acid","25628","0.6336477987421384"
"2.53125","0.0","0.3950617283950617","0.0","1","4",,"false","4-(2-furyl)-3-buten-2-one","234.0","0","1","0","0.9934561965811965","false","0","4-(2-furyl)-3-buten-2-one","0","0.0"
"2.53125","0.0","0.3950617283950617","0.0","1","4",,"false","2-pentadecanone","234.0","0","1","0","0.9934561965811965","false","0","2-pentadecanone","0","0.0"
"2.925","0.0","0.3418803418803419","0.0","1","4",,"false","nonyl_alcohol","171.0","0","1","0","0.9917735042735042","false","0","nonyl_alcohol","0","0.0"
"1.99375","0.0029192789968652062","0.5015673981191223","0.0","2","2",,"false","3-methylbutyraldehyde","202.5","0","2","0","0.9957532051282051","true","0","3-methylbutyraldehyde","25628","0.6336477987421384"
"1.99375","0.0029192789968652062","0.5015673981191223","0.0","2","2",,"false","phenylacetaldehyde","202.5","0","2","0","0.9957532051282051","true","0","phenylacetaldehyde","25628","0.6336477987421384"
"2.53125","0.0","0.3950617283950617","0.0","1","4",,"false","methyl_mercaptan","234.0","0","1","0","0.9934561965811965","false","0","methyl_mercaptan","0","0.0"
"1.99375","0.0029192789968652062","0.5015673981191223","0.0","2","2",,"false","3-octanol","202.5","0","2","0","0.9957532051282051","true","0","3-octanol","25628","0.6336477987421384"
"2.53125","0.0","0.3950617283950617","0.0","1","4",,"false","furfuryl_acetate","234.0","0","1","0","0.9934561965811965","false","0","furfuryl_acetate","0","0.0"
"2.925","0.0","0.3418803418803419","0.0","1","4",,"false","oleic_acid","171.0","0","1","0","0.9917735042735042","false","0","oleic_acid","0","0.0"
"2.53125","0.0","0.3950617283950617","0.0","1","4",,"false","4-heptanone","234.0","0","1","0","0.9934561965811965","false","0","4-heptanone","0","0.0"
"2.925","0.0","0.3418803418803419","0.0","1","4",,"false","p-mentha-1,3-diene","171.0","0","1","0","0.9917735042735042","false","0","p-mentha-1,3-diene","0","0.0"
"2.925","0.0","0.3418803418803419","0.0","1","4",,"false","trans,_trans-2,4-hexadienal","171.0","0","1","0","0.9917735042735042","false","0","trans,_trans-2,4-hexadienal","0","0.0"
"2.53125","0.0","0.3950617283950617","0.0","1","4",,"false","5-ethyl-2-hydroxy-3-methylcyclopent-2-en-1-one","234.0","0","1","0","0.9934561965811965","false","0","5-ethyl-2-hydroxy-3-methylcyclopent-2-en-1-one","0","0.0"
"2.925","0.0","0.3418803418803419","0.0","1","4",,"false","p-mentha-1,4-diene","171.0","0","1","0","0.9917735042735042","false","0","p-mentha-1,4-diene","0","0.0"
"2.53125","0.0","0.3950617283950617","0.0","1","4",,"false","p-vinylphenol","234.0","0","1","0","0.9934561965811965","false","0","p-vinylphenol","0","0.0"
"2.53125","0.0","0.3950617283950617","0.0","1","4",,"false","pyrazine","234.0","0","1","0","0.9934561965811965","false","0","pyrazine","0","0.0"
"1.99375","0.0029192789968652062","0.5015673981191223","0.0","2","2",,"false","geranyl_acetate","202.5","0","2","0","0.9957532051282051","true","0","geranyl_acetate","25628","0.6336477987421384"
"2.53125","0.0","0.3950617283950617","0.0","1","4",,"false","5-ethyl-3-hydroxy-4-methyl-2(5h)-furanone","234.0","0","1","0","0.9934561965811965","false","0","5-ethyl-3-hydroxy-4-methyl-2(5h)-furanone","0","0.0"
"2.53125","0.0","0.3950617283950617","0.0","1","4",,"false","methyl_disulfide","234.0","0","1","0","0.9934561965811965","false","0","methyl_disulfide","0","0.0"
"2.53125","0.0","0.3950617283950617","0.0","1","4",,"false","n-butyric_acid","234.0","0","1","0","0.9934561965811965","false","0","n-butyric_acid","0","0.0"
"1.99375","0.0029192789968652062","0.5015673981191223","0.0","2","2",,"false","vanillin","202.5","0","2","0","0.9957532051282051","true","0","vanillin","25628","0.6336477987421384"
"2.53125","0.0","0.3950617283950617","0.0","1","4",,"false","furfuryl_mercaptan","234.0","0","1","0","0.9934561965811965","false","0","furfuryl_mercaptan","0","0.0"
"1.99375","0.0029192789968652062","0.5015673981191223","0.0","2","2",,"false","5-methylfurfural","202.5","0","2","0","0.9957532051282051","true","0","5-methylfurfural","25628","0.6336477987421384"
"2.53125","0.0","0.3950617283950617","0.0","1","4",,"false","methyl_ethyl_sulfide","234.0","0","1","0","0.9934561965811965","false","0","methyl_ethyl_sulfide","0","0.0"
"2.925","0.0","0.3418803418803419","0.0","1","4",,"false","phenethyl_acetate","171.0","0","1","0","0.9917735042735042","false","0","phenethyl_acetate","0","0.0"
"1.99375","0.0029192789968652062","0.5015673981191223","0.0","2","2",,"false","vanillin,_natural","202.5","0","2","0","0.9957532051282051","true","0","vanillin,_natural","25628","0.6336477987421384"
"2.925","0.0","0.3418803418803419","0.0","1","4",,"false","6-methyl-5-hepten-2-one","171.0","0","1","0","0.9917735042735042","false","0","6-methyl-5-hepten-2-one","0","0.0"
"1.99375","0.0029192789968652062","0.5015673981191223","0.0","2","2",,"false","phenethyl_alcohol","202.5","0","2","0","0.9957532051282051","true","0","phenethyl_alcohol","25628","0.6336477987421384"
"2.53125","0.0","0.3950617283950617","0.0","1","4",,"false","5-methylquinoxaline","234.0","0","1","0","0.9934561965811965","false","0","5-methylquinoxaline","0","0.0"
"1.99375","0.0029192789968652062","0.5015673981191223","0.0","2","2",,"false","isovaleric_acid","202.5","0","2","0","0.9957532051282051","true","0","isovaleric_acid","25628","0.6336477987421384"
"1.99375","0.0029192789968652062","0.5015673981191223","0.0","2","2",,"false","propionaldehyde","202.5","0","2","0","0.9957532051282051","true","0","propionaldehyde","25628","0.6336477987421384"
"1.99375","0.0029192789968652062","0.5015673981191223","0.0","2","2",,"false","pyridine","202.5","0","2","0","0.9957532051282051","true","0","pyridine","25628","0.6336477987421384"
"2.53125","0.0","0.3950617283950617","0.0","1","4",,"false","propionic_acid","234.0","0","1","0","0.9934561965811965","false","0","propionic_acid","0","0.0"
"1.99375","0.0029192789968652062","0.5015673981191223","0.0","2","2",,"false","m-cresol","202.5","0","2","0","0.9957532051282051","true","0","m-cresol","25628","0.6336477987421384"
"2.53125","0.0","0.3950617283950617","0.0","1","4",,"false","acetoin","234.0","0","1","0","0.9934561965811965","false","0","acetoin","0","0.0"
"2.53125","0.0","0.3950617283950617","0.0","1","4",,"false","3-methylcrotonic_acid","234.0","0","1","0","0.9934561965811965","false","0","3-methylcrotonic_acid","0","0.0"
"2.53125","0.0","0.3950617283950617","0.0","1","4",,"false","acetone","234.0","0","1","0","0.9934561965811965","false","0","acetone","0","0.0"
"2.53125","0.0","0.3950617283950617","0.0","1","4",,"false","benzyl_mercaptan","234.0","0","1","0","0.9934561965811965","false","0","benzyl_mercaptan","0","0.0"
"2.53125","0.0","0.3950617283950617","0.0","1","4",,"false","amyl_alcohol","234.0","0","1","0","0.9934561965811965","false","0","amyl_alcohol","0","0.0"
"2.53125","0.0","0.3950617283950617","0.0","1","4",,"false","2-phenyl-2-butenal","234.0","0","1","0","0.9934561965811965","false","0","2-phenyl-2-butenal","0","0.0"
"2.53125","0.0","0.3950617283950617","0.0","1","4",,"false","propyl_propionate","234.0","0","1","0","0.9934561965811965","false","0","propyl_propionate","0","0.0"
"2.53125","0.0","0.3950617283950617","0.0","1","4",,"false","difurfuryl_ether","234.0","0","1","0","0.9934561965811965","false","0","difurfuryl_ether","0","0.0"
"2.53125","0.0","0.3950617283950617","0.0","1","4",,"false","pyruvaldehyde","234.0","0","1","0","0.9934561965811965","false","0","pyruvaldehyde","0","0.0"
"2.53125","0.0","0.3950617283950617","0.0","1","4",,"false","5-methyl-2,3-hexanedione","234.0","0","1","0","0.9934561965811965","false","0","5-methyl-2,3-hexanedione","0","0.0"
"2.53125","0.0","0.3950617283950617","0.0","1","4",,"false","2,4-dihydroxybenzoic_acid","234.0","0","1","0","0.9934561965811965","false","0","2,4-dihydroxybenzoic_acid","0","0.0"
"2.53125","0.0","0.3950617283950617","0.0","1","4",,"false","erythro_and_threo-3-mercapto-2-methylbutan-1-ol","234.0","0","1","0","0.9934561965811965","false","0","erythro_and_threo-3-mercapto-2-methylbutan-1-ol","0","0.0"
"1.99375","0.0029192789968652062","0.5015673981191223","0.0","2","2",,"false","styrene","202.5","0","2","0","0.9957532051282051","true","0","styrene","25628","0.6336477987421384"
"2.925","0.0","0.3418803418803419","0.0","1","4",,"false","2-ethyl-1-hexanol","171.0","0","1","0","0.9917735042735042","false","0","2-ethyl-1-hexanol","0","0.0"
"2.925","0.0","0.3418803418803419","0.0","1","4",,"false","trans-2-hexenoic_acid","171.0","0","1","0","0.9917735042735042","false","0","trans-2-hexenoic_acid","0","0.0"
"2.925","0.0","0.3418803418803419","0.0","1","4",,"false","4-hydroxy-4-methyl-5-hexenoic_acid_gamma-lactone","171.0","0","1","0","0.9917735042735042","false","0","4-hydroxy-4-methyl-5-hexenoic_acid_gamma-lactone","0","0.0"
"2.925","0.0","0.3418803418803419","0.0","1","4",,"false","undecanal","171.0","0","1","0","0.9917735042735042","false","0","undecanal","0","0.0"
"1.99375","0.0029192789968652062","0.5015673981191223","0.0","2","2",,"false","lactic_acid","202.5","0","2","0","0.9957532051282051","true","0","lactic_acid","25628","0.6336477987421384"
"2.925","0.0","0.3418803418803419","0.0","1","4",,"false","valeric_acid","171.0","0","1","0","0.9917735042735042","false","0","valeric_acid","0","0.0"
"2.53125","0.0","0.3950617283950617","0.0","1","4",,"false","4-methyl-2,3-pentanedione","234.0","0","1","0","0.9934561965811965","false","0","4-methyl-2,3-pentanedione","0","0.0"
"2.925","0.0","0.3418803418803419","0.0","1","4",,"false","2,6,6-trimethyl-1,2-cyclohexen-1-carboxaldehyde","171.0","0","1","0","0.9917735042735042","false","0","2,6,6-trimethyl-1,2-cyclohexen-1-carboxaldehyde","0","0.0"
"2.53125","0.0","0.3950617283950617","0.0","1","4",,"false","furfuryl_isovalerate","234.0","0","1","0","0.9934561965811965","false","0","furfuryl_isovalerate","0","0.0"
"1.99375","0.0029192789968652062","0.5015673981191223","0.0","2","2",,"false","3-penten-2-one","202.5","0","2","0","0.9957532051282051","true","0","3-penten-2-one","25628","0.6336477987421384"
"2.53125","0.0","0.3950617283950617","0.0","1","4",,"false","2-pentanone","234.0","0","1","0","0.9934561965811965","false","0","2-pentanone","0","0.0"
"2.925","0.0","0.3418803418803419","0.0","1","4",,"false","3-phenyl-1-propanol","171.0","0","1","0","0.9917735042735042","false","0","3-phenyl-1-propanol","0","0.0"
"1.99375","0.0029192789968652062","0.5015673981191223","0.0","2","2",,"false","5-ethyl-2-methylpyridine","202.5","0","2","0","0.9957532051282051","true","0","5-ethyl-2-methylpyridine","25628","0.6336477987421384"
"2.925","0.0","0.3418803418803419","0.0","1","4",,"false","5-methyl-2-phenyl-2-hexenal","171.0","0","1","0","0.9917735042735042","false","0","5-methyl-2-phenyl-2-hexenal","0","0.0"
"1.99375","0.0029192789968652062","0.5015673981191223","0.0","2","2",,"false","methyl_valerate","202.5","0","2","0","0.9957532051282051","true","0","methyl_valerate","25628","0.6336477987421384"
"2.53125","0.0","0.3950617283950617","0.0","1","4",,"false","furfuryl_methyl_ether","234.0","0","1","0","0.9934561965811965","false","0","furfuryl_methyl_ether","0","0.0"
"2.53125","0.0","0.3950617283950617","0.0","1","4",,"false","4-ethylguaiacol","234.0","0","1","0","0.9934561965811965","false","0","4-ethylguaiacol","0","0.0"
"2.53125","0.0","0.3950617283950617","0.0","1","4",,"false","(2-furyl)-2-propanone","234.0","0","1","0","0.9934561965811965","false","0","(2-furyl)-2-propanone","0","0.0"
"2.53125","0.0","0.3950617283950617","0.0","1","4",,"false","furfuryl_methyl_sulfide","234.0","0","1","0","0.9934561965811965","false","0","furfuryl_methyl_sulfide","0","0.0"
"2.53125","0.0","0.3950617283950617","0.0","1","4",,"false","3-methyl-2-cyclohexen-1-one","234.0","0","1","0","0.9934561965811965","false","0","3-methyl-2-cyclohexen-1-one","0","0.0"
"2.53125","0.0","0.3950617283950617","0.0","1","4",,"false","methyl_ethyl_trisulfide","234.0","0","1","0","0.9934561965811965","false","0","methyl_ethyl_trisulfide","0","0.0"
"2.53125","0.0","0.3950617283950617","0.0","1","4",,"false","furfuryl_propionate","234.0","0","1","0","0.9934561965811965","false","0","furfuryl_propionate","0","0.0"
"2.925","0.0","0.3418803418803419","0.0","1","4",,"false","(e,e)-3,5-octadien-2-one","171.0","0","1","0","0.9917735042735042","false","0","(e,e)-3,5-octadien-2-one","0","0.0"
"2.53125","0.0","0.3950617283950617","0.0","1","4",,"false","furfuryl_thioacetate","234.0","0","1","0","0.9934561965811965","false","0","furfuryl_thioacetate","0","0.0"
"2.925","0.0","0.3418803418803419","0.0","1","4",,"false","1-octanol","171.0","0","1","0","0.9917735042735042","false","0","1-octanol","0","0.0"
"2.53125","0.0","0.3950617283950617","0.0","1","4",,"false","methyl_propionate","234.0","0","1","0","0.9934561965811965","false","0","methyl_propionate","0","0.0"
"2.925","0.0","0.3418803418803419","0.0","1","4",,"false","1-hexadecanol","171.0","0","1","0","0.9917735042735042","false","0","1-hexadecanol","0","0.0"
"2.925","0.0","0.3418803418803419","0.0","1","4",,"false","menthol","171.0","0","1","0","0.9917735042735042","false","0","menthol","0","0.0"
"2.53125","0.0","0.3950617283950617","0.0","1","4",,"false","methyl_nicotinate","234.0","0","1","0","0.9934561965811965","false","0","methyl_nicotinate","0","0.0"
"2.53125","0.0","0.3950617283950617","0.0","1","4",,"false","n-hexyl-2-butenoate","234.0","0","1","0","0.9934561965811965","false","0","n-hexyl-2-butenoate","0","0.0"
"1.99375","0.0029192789968652062","0.5015673981191223","0.0","2","2",,"false","octanoic_acid","202.5","0","2","0","0.9957532051282051","true","0","octanoic_acid","25628","0.6336477987421384"
"2.925","0.0","0.3418803418803419","0.0","1","4",,"false","a-phellandrene","171.0","0","1","0","0.9917735042735042","false","0","a-phellandrene","0","0.0"
"2.53125","0.0","0.3950617283950617","0.0","1","4",,"false","n-furfuryl_pyrrole","234.0","0","1","0","0.9934561965811965","false","0","n-furfuryl_pyrrole","0","0.0"
"2.925","0.0","0.3418803418803419","0.0","1","4",,"false","cis-3-hexenal","171.0","0","1","0","0.9917735042735042","false","0","cis-3-hexenal","0","0.0"
"2.53125","0.0","0.3950617283950617","0.0","1","4",,"false","2,4,5-trimethyl_thiazole","234.0","0","1","0","0.9934561965811965","false","0","2,4,5-trimethyl_thiazole","0","0.0"
"1.99375","0.0029192789968652062","0.5015673981191223","0.0","2","2",,"false","diacetyl","202.5","0","2","0","0.9957532051282051","true","0","diacetyl","25628","0.6336477987421384"
"2.53125","0.0","0.3950617283950617","0.0","1","4",,"false","isopropyl_formate","234.0","0","1","0","0.9934561965811965","false","0","isopropyl_formate","0","0.0"
"2.53125","0.0","0.3950617283950617","0.0","1","4",,"false","2-propionylpyrrole","234.0","0","1","0","0.9934561965811965","false","0","2-propionylpyrrole","0","0.0"
"2.925","0.0","0.3418803418803419","0.0","1","4",,"false","decanal","171.0","0","1","0","0.9917735042735042","false","0","decanal","0","0.0"
"1.99375","0.0029192789968652062","0.5015673981191223","0.0","2","2",,"false","caffeine","202.5","0","2","0","0.9957532051282051","true","0","caffeine","25628","0.6336477987421384"
"1.99375","0.0029192789968652062","0.5015673981191223","0.0","2","2",,"false","2-methylbutyric_acid","202.5","0","2","0","0.9957532051282051","true","0","2-methylbutyric_acid","25628","0.6336477987421384"
"2.925","0.0","0.3418803418803419","0.0","1","4",,"false","fenchyl_alcohol","171.0","0","1","0","0.9917735042735042","false","0","fenchyl_alcohol","0","0.0"
"1.99375","0.0029192789968652062","0.5015673981191223","0.0","2","2",,"false","2-pentylfuran","202.5","0","2","0","0.9957532051282051","true","0","2-pentylfuran","25628","0.6336477987421384"
"2.53125","0.0","0.3950617283950617","0.0","1","4",,"false","methyl_2-methyl-3-furyl_disulfide","234.0","0","1","0","0.9934561965811965","false","0","methyl_2-methyl-3-furyl_disulfide","0","0.0"
"2.53125","0.0","0.3950617283950617","0.0","1","4",,"false","p-ethylphenol","234.0","0","1","0","0.9934561965811965","false","0","p-ethylphenol","0","0.0"
"2.925","0.0","0.3418803418803419","0.0","1","4",,"false","5-methylhexanoic_acid","171.0","0","1","0","0.9917735042735042","false","0","5-methylhexanoic_acid","0","0.0"
"2.925","0.0","0.3418803418803419","0.0","1","4",,"false","b-pinene","171.0","0","1","0","0.9917735042735042","false","0","b-pinene","0","0.0"
"2.53125","0.0","0.3950617283950617","0.0","1","4",,"false","methyl_2-thiofuroate","234.0","0","1","0","0.9934561965811965","false","0","methyl_2-thiofuroate","0","0.0"
"1.99375","0.0029192789968652062","0.5015673981191223","0.0","2","2",,"false","ethyl_acetate","202.5","0","2","0","0.9957532051282051","true","0","ethyl_acetate","25628","0.6336477987421384"
"2.53125","0.0","0.3950617283950617","0.0","1","4",,"false","2-isobutyl-3-methoxypyrazine","234.0","0","1","0","0.9934561965811965","false","0","2-isobutyl-3-methoxypyrazine","0","0.0"
"2.53125","0.0","0.3950617283950617","0.0","1","4",,"false","2-isobutyl-3-methylpyrazine","234.0","0","1","0","0.9934561965811965","false","0","2-isobutyl-3-methylpyrazine","0","0.0"
"2.53125","0.0","0.3950617283950617","0.0","1","4",,"false","maltol","234.0","0","1","0","0.9934561965811965","false","0","maltol","0","0.0"
"1.99375","0.0029192789968652062","0.5015673981191223","0.0","2","2",,"false","tolualdehydes,_mixed_o-,_m-,_p-","202.5","0","2","0","0.9957532051282051","true","0","tolualdehydes,_mixed_o-,_m-,_p-","25628","0.6336477987421384"
"1.99375","0.0029192789968652062","0.5015673981191223","0.0","2","2",,"false","2-methyl-3-butenal","202.5","0","2","0","0.9957532051282051","true","0","2-methyl-3-butenal","25628","0.6336477987421384"
"2.925","0.0","0.3418803418803419","0.0","1","4",,"false","dihydro-a-ionone","171.0","0","1","0","0.9917735042735042","false","0","dihydro-a-ionone","0","0.0"
"2.53125","0.0","0.3950617283950617","0.0","1","4",,"false","ethyl_acetoacetate","234.0","0","1","0","0.9934561965811965","false","0","ethyl_acetoacetate","0","0.0"
"2.53125","0.0","0.3950617283950617","0.0","1","4",,"false","methyl_furfuryl_disulfide","234.0","0","1","0","0.9934561965811965","false","0","methyl_furfuryl_disulfide","0","0.0"
"2.53125","0.0","0.3950617283950617","0.0","1","4",,"false","ethyl_butyrate","234.0","0","1","0","0.9934561965811965","false","0","ethyl_butyrate","0","0.0"
"1.99375","0.0029192789968652062","0.5015673981191223","0.0","2","2",,"false","myrcene","202.5","0","2","0","0.9957532051282051","true","0","myrcene","25628","0.6336477987421384"
"2.925","0.0","0.3418803418803419","0.0","1","4",,"false","n-octanal","171.0","0","1","0","0.9917735042735042","false","0","n-octanal","0","0.0"
"2.925","0.0","0.3418803418803419","0.0","1","4",,"false","ethyl-3-hydroxybutyrate","171.0","0","1","0","0.9917735042735042","false","0","ethyl-3-hydroxybutyrate","0","0.0"
"2.925","0.0","0.3418803418803419","0.0","1","4",,"false","p,a,a-trimethylbenzyl_alcohol","171.0","0","1","0","0.9917735042735042","false","0","p,a,a-trimethylbenzyl_alcohol","0","0.0"
"1.99375","0.0029192789968652062","0.5015673981191223","0.0","2","2",,"false","ethyl_formate","202.5","0","2","0","0.9957532051282051","true","0","ethyl_formate","25628","0.6336477987421384"
"2.53125","0.0","0.3950617283950617","0.0","1","4",,"false","methyl_phenyl_sulfide","234.0","0","1","0","0.9934561965811965","false","0","methyl_phenyl_sulfide","0","0.0"
"2.925","0.0","0.3418803418803419","0.0","1","4",,"false","ethyl_5-hexenoate","171.0","0","1","0","0.9917735042735042","false","0","ethyl_5-hexenoate","0","0.0"
"2.53125","0.0","0.3950617283950617","0.0","1","4",,"false","5,6,7,8-tetrahydroquinoxaline","234.0","0","1","0","0.9934561965811965","false","0","5,6,7,8-tetrahydroquinoxaline","0","0.0"
"2.53125","0.0","0.3950617283950617","0.0","1","4",,"false","3-methyl-2-buten-1-ol","234.0","0","1","0","0.9934561965811965","false","0","3-methyl-2-buten-1-ol","0","0.0"
"2.53125","0.0","0.3950617283950617","0.0","1","4",,"false","prenylthiol","234.0","0","1","0","0.9934561965811965","false","0","prenylthiol","0","0.0"
"1.99375","0.0029192789968652062","0.5015673981191223","0.0","2","2",,"false","skatole","202.5","0","2","0","0.9957532051282051","true","0","skatole","25628","0.6336477987421384"
"2.925","0.0","0.3418803418803419","0.0","1","4",,"false","2-pentenal","171.0","0","1","0","0.9917735042735042","false","0","2-pentenal","0","0.0"
"2.53125","0.0","0.3950617283950617","0.0","1","4",,"false","5-isopropyl-2-methylpyrazine","234.0","0","1","0","0.9934561965811965","false","0","5-isopropyl-2-methylpyrazine","0","0.0"
"2.925","0.0","0.3418803418803419","0.0","1","4",,"false","methyl_anthranilate","171.0","0","1","0","0.9917735042735042","false","0","methyl_anthranilate","0","0.0"
"2.53125","0.0","0.3950617283950617","0.0","1","4",,"false","2,3,5,6-tetramethylpyrazine","234.0","0","1","0","0.9934561965811965","false","0","2,3,5,6-tetramethylpyrazine","0","0.0"
"2.925","0.0","0.3418803418803419","0.0","1","4",,"false","(e)-2-hexenyl_hexanoate","171.0","0","1","0","0.9917735042735042","false","0","(e)-2-hexenyl_hexanoate","0","0.0"
"2.925","0.0","0.3418803418803419","0.0","1","4",,"false","3-methyl-2-butenal","171.0","0","1","0","0.9917735042735042","false","0","3-methyl-2-butenal","0","0.0"
"1.99375","0.0029192789968652062","0.5015673981191223","0.0","2","2",,"false","pyrrole","202.5","0","2","0","0.9957532051282051","true","0","pyrrole","25628","0.6336477987421384"
"2.53125","0.0","0.3950617283950617","0.0","1","4",,"false","o-(methylthio)phenol","234.0","0","1","0","0.9934561965811965","false","0","o-(methylthio)phenol","0","0.0"
"2.53125","0.0","0.3950617283950617","0.0","1","4",,"false","pyrrolidine","234.0","0","1","0","0.9934561965811965","false","0","pyrrolidine","0","0.0"
"2.53125","0.0","0.3950617283950617","0.0","1","4",,"false","2-acetyl-5-methylfuran","234.0","0","1","0","0.9934561965811965","false","0","2-acetyl-5-methylfuran","0","0.0"
"2.53125","0.0","0.3950617283950617","0.0","1","4",,"false","o-propylphenol","234.0","0","1","0","0.9934561965811965","false","0","o-propylphenol","0","0.0"
"2.53125","0.0","0.3950617283950617","0.0","1","4",,"false","2-acetylfuran","234.0","0","1","0","0.9934561965811965","false","0","2-acetylfuran","0","0.0"
"2.53125","0.0","0.3950617283950617","0.0","1","4",,"false","ethyl_valerate","234.0","0","1","0","0.9934561965811965","false","0","ethyl_valerate","0","0.0"
"2.53125","0.0","0.3950617283950617","0.0","1","4",,"false","resorcinol","234.0","0","1","0","0.9934561965811965","false","0","resorcinol","0","0.0"
"2.53125","0.0","0.3950617283950617","0.0","1","4",,"false","d-ribose","234.0","0","1","0","0.9934561965811965","false","0","d-ribose","0","0.0"
"1.99375","0.0029192789968652062","0.5015673981191223","0.0","2","2",,"false","methyl_benzoate","202.5","0","2","0","0.9957532051282051","true","0","methyl_benzoate","25628","0.6336477987421384"
"1.99375","0.0029192789968652062","0.5015673981191223","0.0","2","2",,"false","formic_acid","202.5","0","2","0","0.9957532051282051","true","0","formic_acid","25628","0.6336477987421384"
"1.99375","0.0029192789968652062","0.5015673981191223","0.0","2","2",,"false","4-methyl-2-pentanone","202.5","0","2","0","0.9957532051282051","true","0","4-methyl-2-pentanone","25628","0.6336477987421384"
"1.99375","0.0029192789968652062","0.5015673981191223","0.0","2","2",,"false","2-methylvaleric_acid","202.5","0","2","0","0.9957532051282051","true","0","2-methylvaleric_acid","25628","0.6336477987421384"
"2.925","0.0","0.3418803418803419","0.0","1","4",,"false","4'-methylacetophenone","171.0","0","1","0","0.9917735042735042","false","0","4'-methylacetophenone","0","0.0"
"2.53125","0.0","0.3950617283950617","0.0","1","4",,"false","furfuryl_alcohol","234.0","0","1","0","0.9934561965811965","false","0","furfuryl_alcohol","0","0.0"
"2.925","0.0","0.3418803418803419","0.0","1","4",,"false","benzyl_alcohol","171.0","0","1","0","0.9917735042735042","false","0","benzyl_alcohol","0","0.0"
"1.99375","0.0029192789968652062","0.5015673981191223","0.0","2","2",,"false","4-methyl-3-penten-2-one","202.5","0","2","0","0.9957532051282051","true","0","4-methyl-3-penten-2-one","25628","0.6336477987421384"
"2.53125","0.0","0.3950617283950617","0.0","1","4",,"false","s-methyl_thioacetate","234.0","0","1","0","0.9934561965811965","false","0","s-methyl_thioacetate","0","0.0"
"2.925","0.0","0.3418803418803419","0.0","1","4",,"false","g-hexalactone","171.0","0","1","0","0.9917735042735042","false","0","g-hexalactone","0","0.0"
"1.99375","0.0029192789968652062","0.5015673981191223","0.0","2","2",,"false","methyl_salicylate","202.5","0","2","0","0.9957532051282051","true","0","methyl_salicylate","25628","0.6336477987421384"
"2.53125","0.0","0.3950617283950617","0.0","1","4",,"false","thiazole","234.0","0","1","0","0.9934561965811965","false","0","thiazole","0","0.0"
"2.53125","0.0","0.3950617283950617","0.0","1","4",,"false","2,2'-(dithiodimethylene)-difuran","234.0","0","1","0","0.9934561965811965","false","0","2,2'-(dithiodimethylene)-difuran","0","0.0"
"1.99375","0.0029192789968652062","0.5015673981191223","0.0","2","2",,"false","heptanoic_acid","202.5","0","2","0","0.9957532051282051","true","0","heptanoic_acid","25628","0.6336477987421384"
"1.99375","0.0029192789968652062","0.5015673981191223","0.0","2","2",,"false","geraniol","202.5","0","2","0","0.9957532051282051","true","0","geraniol","25628","0.6336477987421384"
"1.534375","0.7476782915360503","0.6517311608961304","0.0","234","3","plant derivative","false","coffee","1.3675213675213675","0","234","0","0.9977163461538461","false","0","coffee","2243738","0.36752136752136755"
"2.53125","0.0","0.3950617283950617","0.0","1","4",,"false","trimethylamine","234.0","0","1","0","0.9934561965811965","false","0","trimethylamine","0","0.0"
"2.925","0.0","0.3418803418803419","0.0","1","4",,"false","2-hydroxybenzoic_acid","171.0","0","1","0","0.9917735042735042","false","0","2-hydroxybenzoic_acid","0","0.0"
"2.53125","0.0","0.3950617283950617","0.0","1","4",,"false","p-cresol","234.0","0","1","0","0.9934561965811965","false","0","p-cresol","0","0.0"
"2.925","0.0","0.3418803418803419","0.0","1","4",,"false","2,2,6-trimethylcyclohexanone","171.0","0","1","0","0.9917735042735042","false","0","2,2,6-trimethylcyclohexanone","0","0.0"
"2.53125","0.0","0.3950617283950617","0.0","1","4",,"false","1-(methylthio)-2-butanone","234.0","0","1","0","0.9934561965811965","false","0","1-(methylthio)-2-butanone","0","0.0"
"1.99375","0.0029192789968652062","0.5015673981191223","0.0","2","2",,"false","2,3-octanedione","202.5","0","2","0","0.9957532051282051","true","0","2,3-octanedione","25628","0.6336477987421384"
"2.53125","0.0","0.3950617283950617","0.0","1","4",,"false","1-ethyl-2-acetylpyrrole","234.0","0","1","0","0.9934561965811965","false","0","1-ethyl-2-acetylpyrrole","0","0.0"
"1.99375","0.0029192789968652062","0.5015673981191223","0.0","2","2",,"false","2-methyl-2-pentenal","202.5","0","2","0","0.9957532051282051","true","0","2-methyl-2-pentenal","25628","0.6336477987421384"
"2.925","0.0","0.3418803418803419","0.0","1","4",,"false","heptyl_alcohol","171.0","0","1","0","0.9917735042735042","false","0","heptyl_alcohol","0","0.0"
"2.53125","0.0","0.3950617283950617","0.0","1","4",,"false","3,4-dimethoxy-1-vinylbenzene","234.0","0","1","0","0.9934561965811965","false","0","3,4-dimethoxy-1-vinylbenzene","0","0.0"
"2.53125","0.0","0.3950617283950617","0.0","1","4",,"false","1-hydroxy-2-butanone","234.0","0","1","0","0.9934561965811965","false","0","1-hydroxy-2-butanone","0","0.0"
"2.53125","0.0","0.3950617283950617","0.0","1","4",,"false","2,3-diethyl-5-methylpyrazine","234.0","0","1","0","0.9934561965811965","false","0","2,3-diethyl-5-methylpyrazine","0","0.0"
"1.928125","0.4971101097178684","0.5186385737439222","0.0","171","3","plant derivative","false","tea","1.5029239766081872","0","171","0","0.9960336538461538","false","0","tea","2207450","0.5029239766081871"
"1.99375","0.0029192789968652062","0.5015673981191223","0.0","2","2",,"false","4-(2,6,6-trimethyl-cyclohexa-1,3-dienyl)but-2-en-4-one","202.5","0","2","0","0.9957532051282051","true","0","4-(2,6,6-trimethyl-cyclohexa-1,3-dienyl)but-2-en-4-one","25628","0.6336477987421384"
"2.53125","0.0","0.3950617283950617","0.0","1","4",,"false","1-methyl-2,3-cyclohexadione","234.0","0","1","0","0.9934561965811965","false","0","1-methyl-2,3-cyclohexadione","0","0.0"
"2.53125","0.0","0.3950617283950617","0.0","1","4",,"false","biphenyl","234.0","0","1","0","0.9934561965811965","false","0","biphenyl","0","0.0"
"2.53125","0.0","0.3950617283950617","0.0","1","4",,"false","2,3-dimethylpyrazine","234.0","0","1","0","0.9934561965811965","false","0","2,3-dimethylpyrazine","0","0.0"
"1.99375","0.0029192789968652062","0.5015673981191223","0.0","2","2",,"false","hexanal","202.5","0","2","0","0.9957532051282051","true","0","hexanal","25628","0.6336477987421384"
"2.53125","0.0","0.3950617283950617","0.0","1","4",,"false","2,3-pentanedione","234.0","0","1","0","0.9934561965811965","false","0","2,3-pentanedione","0","0.0"
"1.99375","0.0029192789968652062","0.5015673981191223","0.0","2","2",,"false","2-methylpentanal","202.5","0","2","0","0.9957532051282051","true","0","2-methylpentanal","25628","0.6336477987421384"
"1.99375","0.0029192789968652062","0.5015673981191223","0.0","2","2",,"false","hexanoic_acid","202.5","0","2","0","0.9957532051282051","true","0","hexanoic_acid","25628","0.6336477987421384"
"2.925","0.0","0.3418803418803419","0.0","1","4",,"false","methyl_anisate","171.0","0","1","0","0.9917735042735042","false","0","methyl_anisate","0","0.0"
"2.53125","0.0","0.3950617283950617","0.0","1","4",,"false","1-phenyl-1,2-propanedione","234.0","0","1","0","0.9934561965811965","false","0","1-phenyl-1,2-propanedione","0","0.0"
"2.53125","0.0","0.3950617283950617","0.0","1","4",,"false","tetrahydrofurfuryl_alcohol","234.0","0","1","0","0.9934561965811965","false","0","tetrahydrofurfuryl_alcohol","0","0.0"
"1.99375","0.0029192789968652062","0.5015673981191223","0.0","2","2",,"false","2,5-dimethylpyrazine","202.5","0","2","0","0.9957532051282051","true","0","2,5-dimethylpyrazine","25628","0.6336477987421384"
"2.925","0.0","0.3418803418803419","0.0","1","4",,"false","alpha-terpineol","171.0","0","1","0","0.9917735042735042","false","0","alpha-terpineol","0","0.0"
"2.53125","0.0","0.3950617283950617","0.0","1","4",,"false","2,5-dimethylthiazole","234.0","0","1","0","0.9934561965811965","false","0","2,5-dimethylthiazole","0","0.0"
"1.99375","0.0029192789968652062","0.5015673981191223","0.0","2","2",,"false","hexyl_acetate","202.5","0","2","0","0.9957532051282051","true","0","hexyl_acetate","25628","0.6336477987421384"
"2.925","0.0","0.3418803418803419","0.0","1","4",,"false","butyl_alcohol","171.0","0","1","0","0.9917735042735042","false","0","butyl_alcohol","0","0.0"
"2.53125","0.0","0.3950617283950617","0.0","1","4",,"false","2,2'-(thiodimethylene)_difuran","234.0","0","1","0","0.9934561965811965","false","0","2,2'-(thiodimethylene)_difuran","0","0.0"
"1.99375","0.0029192789968652062","0.5015673981191223","0.0","2","2",,"false","2,5_diethyl-3-methylpyrazine","202.5","0","2","0","0.9957532051282051","true","0","2,5_diethyl-3-methylpyrazine","25628","0.6336477987421384"
"2.53125","0.0","0.3950617283950617","0.0","1","4",,"false","g-butyrolactone","234.0","0","1","0","0.9934561965811965","false","0","g-butyrolactone","0","0.0"
"1.99375","0.0029192789968652062","0.5015673981191223","0.0","2","2",,"false","hexyl_alcohol","202.5","0","2","0","0.9957532051282051","true","0","hexyl_alcohol","25628","0.6336477987421384"
"2.53125","0.0","0.3950617283950617","0.0","1","4",,"false","piperidine","234.0","0","1","0","0.9934561965811965","false","0","piperidine","0","0.0"
"2.925","0.0","0.3418803418803419","0.0","1","4",,"false","butyl_anthranilate","171.0","0","1","0","0.9917735042735042","false","0","butyl_anthranilate","0","0.0"
"2.53125","0.0","0.3950617283950617","0.0","1","4",,"false","2,6-dimethylpyrazine","234.0","0","1","0","0.9934561965811965","false","0","2,6-dimethylpyrazine","0","0.0"
"2.925","0.0","0.3418803418803419","0.0","1","4",,"false","hexyl_butyrate","171.0","0","1","0","0.9917735042735042","false","0","hexyl_butyrate","0","0.0"
"2.925","0.0","0.3418803418803419","0.0","1","4",,"false","isoamyl_alcohol","171.0","0","1","0","0.9917735042735042","false","0","isoamyl_alcohol","0","0.0"
"2.925","0.0","0.3418803418803419","0.0","1","4",,"false","a-ionone","171.0","0","1","0","0.9917735042735042","false","0","a-ionone","0","0.0"
"1.99375","0.0029192789968652062","0.5015673981191223","0.0","2","2",,"false","2,6-dimethylpyridine","202.5","0","2","0","0.9957532051282051","true","0","2,6-dimethylpyridine","25628","0.6336477987421384"
"2.53125","0.0","0.3950617283950617","0.0","1","4",,"false","2,3-dimethylbenzofuran","234.0","0","1","0","0.9934561965811965","false","0","2,3-dimethylbenzofuran","0","0.0"
"2.53125","0.0","0.3950617283950617","0.0","1","4",,"false","methyl_phenylacetate","234.0","0","1","0","0.9934561965811965","false","0","methyl_phenylacetate","0","0.0"
"2.925","0.0","0.3418803418803419","0.0","1","4",,"false","hexyl_formate","171.0","0","1","0","0.9917735042735042","false","0","hexyl_formate","0","0.0"
"2.925","0.0","0.3418803418803419","0.0","1","4",,"false","2-trans,_4-trans-decadienal","171.0","0","1","0","0.9917735042735042","false","0","2-trans,_4-trans-decadienal","0","0.0"
"2.53125","0.0","0.3950617283950617","0.0","1","4",,"false","2-acetyl-3-methylpyrazine","234.0","0","1","0","0.9934561965811965","false","0","2-acetyl-3-methylpyrazine","0","0.0"
"2.925","0.0","0.3418803418803419","0.0","1","4",,"false","myrtenol","171.0","0","1","0","0.9917735042735042","false","0","myrtenol","0","0.0"
"2.53125","0.0","0.3950617283950617","0.0","1","4",,"false","hydrogen_sulfide","234.0","0","1","0","0.9934561965811965","false","0","hydrogen_sulfide","0","0.0"
"2.925","0.0","0.3418803418803419","0.0","1","4",,"false","2-decenal","171.0","0","1","0","0.9917735042735042","false","0","2-decenal","0","0.0"
"2.925","0.0","0.3418803418803419","0.0","1","4",,"false","nerolidol","171.0","0","1","0","0.9917735042735042","false","0","nerolidol","0","0.0"
"1.99375","0.0029192789968652062","0.5015673981191223","0.0","2","2",,"false","2-ethylfuran","202.5","0","2","0","0.9957532051282051","true","0","2-ethylfuran","25628","0.6336477987421384"
"2.53125","0.0","0.3950617283950617","0.0","1","4",,"false","2-ethyl-3,5(6)-dimethylpyrazine","234.0","0","1","0","0.9934561965811965","false","0","2-ethyl-3,5(6)-dimethylpyrazine","0","0.0"
"1.99375","0.0029192789968652062","0.5015673981191223","0.0","2","2",,"false","2-ethyl-3-methylpyrazine","202.5","0","2","0","0.9957532051282051","true","0","2-ethyl-3-methylpyrazine","25628","0.6336477987421384"
"2.53125","0.0","0.3950617283950617","0.0","1","4",,"false","2,5-xylenol","234.0","0","1","0","0.9934561965811965","false","0","2,5-xylenol","0","0.0"
"2.53125","0.0","0.3950617283950617","0.0","1","4",,"false","3-acetylpyridine","234.0","0","1","0","0.9934561965811965","false","0","3-acetylpyridine","0","0.0"
"1.99375","0.0029192789968652062","0.5015673981191223","0.0","2","2",,"false","2-ethylpyrazine","202.5","0","2","0","0.9957532051282051","true","0","2-ethylpyrazine","25628","0.6336477987421384"
"2.925","0.0","0.3418803418803419","0.0","1","4",,"false","phenylacetic_acid","171.0","0","1","0","0.9917735042735042","false","0","phenylacetic_acid","0","0.0"
"1.99375","0.0029192789968652062","0.5015673981191223","0.0","2","2",,"false","3-ethylpyridine","202.5","0","2","0","0.9957532051282051","true","0","3-ethylpyridine","25628","0.6336477987421384"
"2.53125","0.0","0.3950617283950617","0.0","1","4",,"false","benzyl_formate","234.0","0","1","0","0.9934561965811965","false","0","benzyl_formate","0","0.0"
"2.53125","0.0","0.3950617283950617","0.0","1","4",,"false","3-hexanone","234.0","0","1","0","0.9934561965811965","false","0","3-hexanone","0","0.0"
"1.99375","0.0029192789968652062","0.5015673981191223","0.0","2","2",,"false","2-hydroxyacetophenone","202.5","0","2","0","0.9957532051282051","true","0","2-hydroxyacetophenone","25628","0.6336477987421384"
"2.53125","0.0","0.3950617283950617","0.0","1","4",,"false","2,6-xylenol","234.0","0","1","0","0.9934561965811965","false","0","2,6-xylenol","0","0.0"
"2.925","0.0","0.3418803418803419","0.0","1","4",,"false","isoamyl_formate","171.0","0","1","0","0.9917735042735042","false","0","isoamyl_formate","0","0.0"
"2.925","0.0","0.3418803418803419","0.0","1","4",,"false","propyl_alcohol","171.0","0","1","0","0.9917735042735042","false","0","propyl_alcohol","0","0.0"
"2.53125","0.0","0.3950617283950617","0.0","1","4",,"false","2-acetyl-3,_(5_or_6)-dimethylpyrazine,_mixture_of_isomers","234.0","0","1","0","0.9934561965811965","false","0","2-acetyl-3,_(5_or_6)-dimethylpyrazine,_mixture_of_isomers","0","0.0"
"2.925","0.0","0.3418803418803419","0.0","1","4",,"false","terpinyl_acetate","171.0","0","1","0","0.9917735042735042","false","0","terpinyl_acetate","0","0.0"
"2.925","0.0","0.3418803418803419","0.0","1","4",,"false","cis-3-hexenyl-2-methylbutyrate","171.0","0","1","0","0.9917735042735042","false","0","cis-3-hexenyl-2-methylbutyrate","0","0.0"
"1.99375","0.0029192789968652062","0.5015673981191223","0.0","2","2",,"false","1-octen-3-ol","202.5","0","2","0","0.9957532051282051","true","0","1-octen-3-ol","25628","0.6336477987421384"
"2.925","0.0","0.3418803418803419","0.0","1","4",,"false","cis-3-hexenyl_butyrate","171.0","0","1","0","0.9917735042735042","false","0","cis-3-hexenyl_butyrate","0","0.0"
"2.53125","0.0","0.3950617283950617","0.0","1","4",,"false","2-methyl-3-furanthiol","234.0","0","1","0","0.9934561965811965","false","0","2-methyl-3-furanthiol","0","0.0"
"2.53125","0.0","0.3950617283950617","0.0","1","4",,"false","2-methyltetrahydrofuran-3-one","234.0","0","1","0","0.9934561965811965","false","0","2-methyltetrahydrofuran-3-one","0","0.0"
"1.99375","0.0029192789968652062","0.5015673981191223","0.0","2","2",,"false","o-cresol","202.5","0","2","0","0.9957532051282051","true","0","o-cresol","25628","0.6336477987421384"
"1.99375","0.0029192789968652062","0.5015673981191223","0.0","2","2",,"false","2-methyltetrahydrothiophen-3-one","202.5","0","2","0","0.9957532051282051","true","0","2-methyltetrahydrothiophen-3-one","25628","0.6336477987421384"
"2.53125","0.0","0.3950617283950617","0.0","1","4",,"false","2-ethyl-4,5-dimethyloxazole","234.0","0","1","0","0.9934561965811965","false","0","2-ethyl-4,5-dimethyloxazole","0","0.0"
"1.99375","0.0029192789968652062","0.5015673981191223","0.0","2","2",,"false","3-octanone","202.5","0","2","0","0.9957532051282051","true","0","3-octanone","25628","0.6336477987421384"
"2.53125","0.0","0.3950617283950617","0.0","1","4",,"false","2-ethyl-4-methylthiazole","234.0","0","1","0","0.9934561965811965","false","0","2-ethyl-4-methylthiazole","0","0.0"
"1.99375","0.0029192789968652062","0.5015673981191223","0.0","2","2",,"false","isobutyl_alcohol","202.5","0","2","0","0.9957532051282051","true","0","isobutyl_alcohol","25628","0.6336477987421384"
"2.53125","0.0","0.3950617283950617","0.0","1","4",,"false","1-methyl-2-acetylpyrrole","234.0","0","1","0","0.9934561965811965","false","0","1-methyl-2-acetylpyrrole","0","0.0"
"2.925","0.0","0.3418803418803419","0.0","1","4",,"false","dihydro-b-ionone","171.0","0","1","0","0.9917735042735042","false","0","dihydro-b-ionone","0","0.0"
"1.99375","0.0029192789968652062","0.5015673981191223","0.0","2","2",,"false","4,5-dimethyl-3-hydroxy-2,5-dihydrofuran-2-one","202.5","0","2","0","0.9957532051282051","true","0","4,5-dimethyl-3-hydroxy-2,5-dihydrofuran-2-one","25628","0.6336477987421384"
"2.925","0.0","0.3418803418803419","0.0","1","4",,"false","p-menth-3-en-1-ol","171.0","0","1","0","0.9917735042735042","false","0","p-menth-3-en-1-ol","0","0.0"
"1.99375","0.0029192789968652062","0.5015673981191223","0.0","2","2",,"false","3,5-diethyl-2-methylpyrazine","202.5","0","2","0","0.9957532051282051","true","0","3,5-diethyl-2-methylpyrazine","25628","0.6336477987421384"
"1.99375","0.0029192789968652062","0.5015673981191223","0.0","2","2",,"false","2-methoxy-4-methylphenol","202.5","0","2","0","0.9957532051282051","true","0","2-methoxy-4-methylphenol","25628","0.6336477987421384"
"1.99375","0.0029192789968652062","0.5015673981191223","0.0","2","2",,"false","nona-2-trans,-6-cis-dienal","202.5","0","2","0","0.9957532051282051","true","0","nona-2-trans,-6-cis-dienal","25628","0.6336477987421384"
"2.53125","0.0","0.3950617283950617","0.0","1","4",,"false","4-ethyl-2,6-dimethoxyphenol","234.0","0","1","0","0.9934561965811965","false","0","4-ethyl-2,6-dimethoxyphenol","0","0.0"
"1.99375","0.0029192789968652062","0.5015673981191223","0.0","2","2",,"false","p-tolyl-3-methyl_butyrate","202.5","0","2","0","0.9957532051282051","true","0","p-tolyl-3-methyl_butyrate","25628","0.6336477987421384"
"1.99375","0.0029192789968652062","0.5015673981191223","0.0","2","2",,"false","2-ethyl-5-methylpyrazine","202.5","0","2","0","0.9957532051282051","true","0","2-ethyl-5-methylpyrazine","25628","0.6336477987421384"
"2.53125","0.0","0.3950617283950617","0.0","1","4",,"false","3,5-dimethyl-1,2-cyclopentadione","234.0","0","1","0","0.9934561965811965","false","0","3,5-dimethyl-1,2-cyclopentadione","0","0.0"
"2.925","0.0","0.3418803418803419","0.0","1","4",,"false","methyl_sulfide","171.0","0","1","0","0.9917735042735042","false","0","methyl_sulfide","0","0.0"
"1.99375","0.0029192789968652062","0.5015673981191223","0.0","2","2",,"false","2-heptanone","202.5","0","2","0","0.9957532051282051","true","0","2-heptanone","25628","0.6336477987421384"
"1.99375","0.0029192789968652062","0.5015673981191223","0.0","2","2",,"false","4-hydroxy-2,5-dimethyl-3(2h)-furanone","202.5","0","2","0","0.9957532051282051","true","0","4-hydroxy-2,5-dimethyl-3(2h)-furanone","25628","0.6336477987421384"
"1.99375","0.0029192789968652062","0.5015673981191223","0.0","2","2",,"false","isobutyric_acid","202.5","0","2","0","0.9957532051282051","true","0","isobutyric_acid","25628","0.6336477987421384"
"2.53125","0.0","0.3950617283950617","0.0","1","4",,"false","phenethyl_formate","234.0","0","1","0","0.9934561965811965","false","0","phenethyl_formate","0","0.0"
"2.925","0.0","0.3418803418803419","0.0","1","4",,"false","g-nonalactone","171.0","0","1","0","0.9917735042735042","false","0","g-nonalactone","0","0.0"
"2.53125","0.0","0.3950617283950617","0.0","1","4",,"false","2,3,5-trimethylpyrazine","234.0","0","1","0","0.9934561965811965","false","0","2,3,5-trimethylpyrazine","0","0.0"
"2.53125","0.0","0.3950617283950617","0.0","1","4",,"false","isopentylamine","234.0","0","1","0","0.9934561965811965","false","0","isopentylamine","0","0.0"
"2.53125","0.0","0.3950617283950617","0.0","1","4",,"false","2-methyl-5-thiomethylfuran","234.0","0","1","0","0.9934561965811965","false","0","2-methyl-5-thiomethylfuran","0","0.0"
"2.53125","0.0","0.3950617283950617","0.0","1","4",,"false","5h-5-methyl-6,7-dihydrocyclopenta(b)pyrazine","234.0","0","1","0","0.9934561965811965","false","0","5h-5-methyl-6,7-dihydrocyclopenta(b)pyrazine","0","0.0"
"2.925","0.0","0.3418803418803419","0.0","1","4",,"false","4-hydroxybenzaldehyde","171.0","0","1","0","0.9917735042735042","false","0","4-hydroxybenzaldehyde","0","0.0"
"2.53125","0.0","0.3950617283950617","0.0","1","4",,"false","isopropyl_alcohol","234.0","0","1","0","0.9934561965811965","false","0","isopropyl_alcohol","0","0.0"
"2.925","0.0","0.3418803418803419","0.0","1","4",,"false","b-ionone","171.0","0","1","0","0.9917735042735042","false","0","b-ionone","0","0.0"
"2.925","0.0","0.3418803418803419","0.0","1","4",,"false","p-mentha-1,8-dien-7-al","171.0","0","1","0","0.9917735042735042","false","0","p-mentha-1,8-dien-7-al","0","0.0"
"2.53125","0.0","0.3950617283950617","0.0","1","4",,"false","5-isopropenyl-2-methyl-2-vinyltetrahydrofuran","234.0","0","1","0","0.9934561965811965","false","0","5-isopropenyl-2-methyl-2-vinyltetrahydrofuran","0","0.0"
"2.53125","0.0","0.3950617283950617","0.0","1","4",,"false","2-methoxy-3_(5_and_6)-isopropylpyrazine","234.0","0","1","0","0.9934561965811965","false","0","2-methoxy-3_(5_and_6)-isopropylpyrazine","0","0.0"
"2.53125","0.0","0.3950617283950617","0.0","1","4",,"false","propiophenone","234.0","0","1","0","0.9934561965811965","false","0","propiophenone","0","0.0"
"2.53125","0.0","0.3950617283950617","0.0","1","4",,"false","2-methyl-5-vinylpyrazine","234.0","0","1","0","0.9934561965811965","false","0","2-methyl-5-vinylpyrazine","0","0.0"
"2.925","0.0","0.3418803418803419","0.0","1","4",,"false","(e)-2-octen-1-ol","171.0","0","1","0","0.9917735042735042","false","0","(e)-2-octen-1-ol","0","0.0"
"1.99375","0.0029192789968652062","0.5015673981191223","0.0","2","2",,"false","salicylaldehyde","202.5","0","2","0","0.9957532051282051","true","0","salicylaldehyde","25628","0.6336477987421384"
"1.99375","0.0029192789968652062","0.5015673981191223","0.0","2","2",,"false","methyl-2-pyrrolyl_ketone","202.5","0","2","0","0.9957532051282051","true","0","methyl-2-pyrrolyl_ketone","25628","0.6336477987421384"
"2.53125","0.0","0.3950617283950617","0.0","1","4",,"false","2-methylpyrazine","234.0","0","1","0","0.9934561965811965","false","0","2-methylpyrazine","0","0.0"
"2.53125","0.0","0.3950617283950617","0.0","1","4",,"false","quinoline","234.0","0","1","0","0.9934561965811965","false","0","quinoline","0","0.0"
"2.925","0.0","0.3418803418803419","0.0","1","4",,"false","6,10-dimethyl-5,9-undecadien-2-one","171.0","0","1","0","0.9917735042735042","false","0","6,10-dimethyl-5,9-undecadien-2-one","0","0.0"
"1.99375","0.0029192789968652062","0.5015673981191223","0.0","2","2",,"false","1,1-dimethoxyethane","202.5","0","2","0","0.9957532051282051","true","0","1,1-dimethoxyethane","25628","0.6336477987421384"
"2.53125","0.0","0.3950617283950617","0.0","1","4",,"false","methyl_furoate","234.0","0","1","0","0.9934561965811965","false","0","methyl_furoate","0","0.0"
"1.99375","0.0029192789968652062","0.5015673981191223","0.0","2","2",,"false","lauric_acid","202.5","0","2","0","0.9957532051282051","true","0","lauric_acid","25628","0.6336477987421384"
"1.99375","0.0029192789968652062","0.5015673981191223","0.0","2","2",,"false","2-nonanone","202.5","0","2","0","0.9957532051282051","true","0","2-nonanone","25628","0.6336477987421384"
"1.99375","0.0029192789968652062","0.5015673981191223","0.0","2","2",,"false","1-methylnaphthalene","202.5","0","2","0","0.9957532051282051","true","0","1-methylnaphthalene","25628","0.6336477987421384"
"2.53125","0.0","0.3950617283950617","0.0","1","4",,"false","methylcyclopentenolone","234.0","0","1","0","0.9934561965811965","false","0","methylcyclopentenolone","0","0.0"
"2.53125","0.0","0.3950617283950617","0.0","1","4",,"false","4,5-dihydro-3-(2h)thiophenone","234.0","0","1","0","0.9934561965811965","false","0","4,5-dihydro-3-(2h)thiophenone","0","0.0"
"1.99375","0.0029192789968652062","0.5015673981191223","0.0","2","2",,"false","phenol","202.5","0","2","0","0.9957532051282051","true","0","phenol","25628","0.6336477987421384"
"1.99375","0.0029192789968652062","0.5015673981191223","0.0","2","2",,"false","indole","202.5","0","2","0","0.9957532051282051","true","0","indole","25628","0.6336477987421384"
"1.99375","0.0029192789968652062","0.5015673981191223","0.0","2","2",,"false","2-heptanol","202.5","0","2","0","0.9957532051282051","true","0","2-heptanol","25628","0.6336477987421384"
"2.53125","0.0","0.3950617283950617","0.0","1","4",,"false","2-propylpyrazine","234.0","0","1","0","0.9934561965811965","false","0","2-propylpyrazine","0","0.0"
"2.925","0.0","0.3418803418803419","0.0","1","4",,"false","neryl_propionate","171.0","0","1","0","0.9917735042735042","false","0","neryl_propionate","0","0.0"
"2.925","0.0","0.3418803418803419","0.0","1","4",,"false","4-hydroxy-2,3-dimethyl-2,4-nonadienoic_acid_gamma-lactone","171.0","0","1","0","0.9917735042735042","false","0","4-hydroxy-2,3-dimethyl-2,4-nonadienoic_acid_gamma-lactone","0","0.0"
"2.53125","0.0","0.3950617283950617","0.0","1","4",,"false","cyclopentanone","234.0","0","1","0","0.9934561965811965","false","0","cyclopentanone","0","0.0"
"2.53125","0.0","0.3950617283950617","0.0","1","4",,"false","3,4-dimethyl-1,2-cyclopentanedione","234.0","0","1","0","0.9934561965811965","false","0","3,4-dimethyl-1,2-cyclopentanedione","0","0.0"
"2.925","0.0","0.3418803418803419","0.0","1","4",,"false","2-hexenal","171.0","0","1","0","0.9917735042735042","false","0","2-hexenal","0","0.0"
"2.53125","0.0","0.3950617283950617","0.0","1","4",,"false","3,4-hexanedione","234.0","0","1","0","0.9934561965811965","false","0","3,4-hexanedione","0","0.0"
"2.53125","0.0","0.3950617283950617","0.0","1","4",,"false","3-(methylthio)_propionaldehyde","234.0","0","1","0","0.9934561965811965","false","0","3-(methylthio)_propionaldehyde","0","0.0"
"2.53125","0.0","0.3950617283950617","0.0","1","4",,"false","methyl_acetate","234.0","0","1","0","0.9934561965811965","false","0","methyl_acetate","0","0.0"
"1.99375","0.0029192789968652062","0.5015673981191223","0.0","2","2",,"false","2-methoxy-4-vinylphenol","202.5","0","2","0","0.9957532051282051","true","0","2-methoxy-4-vinylphenol","25628","0.6336477987421384"
"2.925","0.0","0.3418803418803419","0.0","1","4",,"false","d-octalactone","171.0","0","1","0","0.9917735042735042","false","0","d-octalactone","0","0.0"
"2.53125","0.0","0.3950617283950617","0.0","1","4",,"false","3,4-xylenol","234.0","0","1","0","0.9934561965811965","false","0","3,4-xylenol","0","0.0"
"1.99375","0.0029192789968652062","0.5015673981191223","0.0","2","2",,"false","methyl_butyrate","202.5","0","2","0","0.9957532051282051","true","0","methyl_butyrate","25628","0.6336477987421384"
"2.53125","0.0","0.3950617283950617","0.0","1","4",,"false","5-methyl-2-thiophenecarboxaldehyde","234.0","0","1","0","0.9934561965811965","false","0","5-methyl-2-thiophenecarboxaldehyde","0","0.0"
"1.99375","0.0029192789968652062","0.5015673981191223","0.0","2","2",,"false","3-ethyl-2,6-dimethylpyrazine","202.5","0","2","0","0.9957532051282051","true","0","3-ethyl-2,6-dimethylpyrazine","25628","0.6336477987421384"
"1.99375","0.0029192789968652062","0.5015673981191223","0.0","2","2",,"false","methyl_hexanoate","202.5","0","2","0","0.9957532051282051","true","0","methyl_hexanoate","25628","0.6336477987421384"
"1.99375","0.0029192789968652062","0.5015673981191223","0.0","2","2",,"false","3-hydroxy-2-pentanone","202.5","0","2","0","0.9957532051282051","true","0","3-hydroxy-2-pentanone","25628","0.6336477987421384"
"2.53125","0.0","0.3950617283950617","0.0","1","4",,"false","3-(2-furyl)acrolein","234.0","0","1","0","0.9934561965811965","false","0","3-(2-furyl)acrolein","0","0.0"
"2.53125","0.0","0.3950617283950617","0.0","1","4",,"false","6,7-dihydro-2,3-dimethyl-5h-cyclopentapyrazine","234.0","0","1","0","0.9934561965811965","false","0","6,7-dihydro-2,3-dimethyl-5h-cyclopentapyrazine","0","0.0"
"1.99375","0.0029192789968652062","0.5015673981191223","0.0","2","2",,"false","2-methylbutyraldehyde","202.5","0","2","0","0.9957532051282051","true","0","2-methylbutyraldehyde","25628","0.6336477987421384"
"2.925","0.0","0.3418803418803419","0.0","1","4",,"false","citronellol","171.0","0","1","0","0.9917735042735042","false","0","citronellol","0","0.0"
"2.925","0.0","0.3418803418803419","0.0","1","4",,"false","3,7-dimethyl-1,3,6-octatriene","171.0","0","1","0","0.9917735042735042","false","0","3,7-dimethyl-1,3,6-octatriene","0","0.0"
"2.53125","0.0","0.3950617283950617","0.0","1","4",,"false","methyl_isovalerate","234.0","0","1","0","0.9934561965811965","false","0","methyl_isovalerate","0","0.0"
"2.925","0.0","0.3418803418803419","0.0","1","4",,"false","jasmone","171.0","0","1","0","0.9917735042735042","false","0","jasmone","0","0.0"
"2.53125","0.0","0.3950617283950617","0.0","1","4",,"false","dimethyl_trisulfide","234.0","0","1","0","0.9934561965811965","false","0","dimethyl_trisulfide","0","0.0"
"2.53125","0.0","0.3950617283950617","0.0","1","4",,"false","acetylpyrazine","234.0","0","1","0","0.9934561965811965","false","0","acetylpyrazine","0","0.0"
"2.925","0.0","0.3418803418803419","0.0","1","4",,"false","neryl_acetate","171.0","0","1","0","0.9917735042735042","false","0","neryl_acetate","0","0.0"
"2.53125","0.0","0.3950617283950617","0.0","1","4",,"false","linalool_oxide","234.0","0","1","0","0.9934561965811965","false","0","linalool_oxide","0","0.0"
"2.53125","0.0","0.3950617283950617","0.0","1","4",,"false","3-ethyl-2-hydroxy-4-methylcylcopent-2-en-1-one","234.0","0","1","0","0.9934561965811965","false","0","3-ethyl-2-hydroxy-4-methylcylcopent-2-en-1-one","0","0.0"
"2.925","0.0","0.3418803418803419","0.0","1","4",,"false","methyl_myristate","171.0","0","1","0","0.9917735042735042","false","0","methyl_myristate","0","0.0"
"2.925","0.0","0.3418803418803419","0.0","1","4",,"false","2-octanol","171.0","0","1","0","0.9917735042735042","false","0","2-octanol","0","0.0"
"2.53125","0.0","0.3950617283950617","0.0","1","4",,"false","4-methylthiazole","234.0","0","1","0","0.9934561965811965","false","0","4-methylthiazole","0","0.0"
"1.99375","0.0029192789968652062","0.5015673981191223","0.0","2","2",,"false","2-octanone","202.5","0","2","0","0.9957532051282051","true","0","2-octanone","25628","0.6336477987421384"
"2.925","0.0","0.3418803418803419","0.0","1","4",,"false","2-pentanol","171.0","0","1","0","0.9917735042735042","false","0","2-pentanol","0","0.0"
"2.53125","0.0","0.3950617283950617","0.0","1","4",,"false","ethyl_methyl_disulfide","234.0","0","1","0","0.9934561965811965","false","0","ethyl_methyl_disulfide","0","0.0"
"2.53125","0.0","0.3950617283950617","0.0","1","4",,"false","3-heptanol","234.0","0","1","0","0.9934561965811965","false","0","3-heptanol","0","0.0"
"2.53125","0.0","0.3950617283950617","0.0","1","4",,"false","3-mercapto-3-methyl-1-butanol","234.0","0","1","0","0.9934561965811965","false","0","3-mercapto-3-methyl-1-butanol","0","0.0"
"1.99375","0.0029192789968652062","0.5015673981191223","0.0","2","2",,"false","methylsulfinylmethane","202.5","0","2","0","0.9957532051282051","true","0","methylsulfinylmethane","25628","0.6336477987421384"
"2.53125","0.0","0.3950617283950617","0.0","1","4",,"false","3-mercapto-3-methylbutyl_formate","234.0","0","1","0","0.9934561965811965","false","0","3-mercapto-3-methylbutyl_formate","0","0.0"
"2.53125","0.0","0.3950617283950617","0.0","1","4",,"false","2-butanone","234.0","0","1","0","0.9934561965811965","false","0","2-butanone","0","0.0"
"2.925","0.0","0.3418803418803419","0.0","1","4",,"false","myristic_acid","171.0","0","1","0","0.9917735042735042","false","0","myristic_acid","0","0.0"
"2.925","0.0","0.3418803418803419","0.0","1","4",,"false","dl-(3-amino-3-carboxypropyl)dimethylsulfonium_chloride","171.0","0","1","0","0.9917735042735042","false","0","dl-(3-amino-3-carboxypropyl)dimethylsulfonium_chloride","0","0.0"
